-- Migration 0002: products, plans, features, and subscriptions.
--
-- Purpose:
-- - Define a product catalog (`products`) and its purchasable tiers (`plans`).
-- - Define entitlement flags (`features`) and attach them to plans (`plan_features`).
-- - Track per-user subscription state (`subscriptions`) with support for trial and cancellation.
-- - Seed initial Kivana product + example plans/features (using stable UUIDs for deterministic references).

CREATE TABLE IF NOT EXISTS products (
  id UUID PRIMARY KEY,
  code TEXT NOT NULL UNIQUE,
  name TEXT NOT NULL,
  created_at TIMESTAMPTZ NOT NULL DEFAULT now()
);

CREATE TABLE IF NOT EXISTS plans (
  id UUID PRIMARY KEY,
  product_id UUID NOT NULL REFERENCES products(id) ON DELETE CASCADE,
  code TEXT NOT NULL,
  name TEXT NOT NULL,
  sort_order INT NOT NULL DEFAULT 0,
  created_at TIMESTAMPTZ NOT NULL DEFAULT now(),
  UNIQUE (product_id, code)
);

CREATE TABLE IF NOT EXISTS features (
  id UUID PRIMARY KEY,
  product_id UUID NOT NULL REFERENCES products(id) ON DELETE CASCADE,
  code TEXT NOT NULL,
  name TEXT NOT NULL,
  created_at TIMESTAMPTZ NOT NULL DEFAULT now(),
  UNIQUE (product_id, code)
);

CREATE TABLE IF NOT EXISTS plan_features (
  plan_id UUID NOT NULL REFERENCES plans(id) ON DELETE CASCADE,
  feature_id UUID NOT NULL REFERENCES features(id) ON DELETE CASCADE,
  PRIMARY KEY (plan_id, feature_id)
);

CREATE TABLE IF NOT EXISTS subscriptions (
  id UUID PRIMARY KEY,
  user_id UUID NOT NULL REFERENCES users(id) ON DELETE CASCADE,
  product_id UUID NOT NULL REFERENCES products(id) ON DELETE CASCADE,
  plan_id UUID NOT NULL REFERENCES plans(id) ON DELETE RESTRICT,
  status TEXT NOT NULL,
  started_at TIMESTAMPTZ NOT NULL DEFAULT now(),
  ends_at TIMESTAMPTZ NULL,
  trial_ends_at TIMESTAMPTZ NULL,
  canceled_at TIMESTAMPTZ NULL
);

CREATE INDEX IF NOT EXISTS subscriptions_user_id_idx ON subscriptions(user_id);
CREATE INDEX IF NOT EXISTS subscriptions_product_id_idx ON subscriptions(product_id);
CREATE INDEX IF NOT EXISTS subscriptions_status_idx ON subscriptions(status);

CREATE UNIQUE INDEX IF NOT EXISTS subscriptions_one_active_per_product
  ON subscriptions(user_id, product_id)
  WHERE status = 'active';

INSERT INTO products (id, code, name)
VALUES
  ('00000000-0000-0000-0000-000000000001', 'kivana', 'Kivana')
ON CONFLICT (code) DO NOTHING;

INSERT INTO plans (id, product_id, code, name, sort_order)
VALUES
  ('00000000-0000-0000-0000-000000000011', '00000000-0000-0000-0000-000000000001', 'free', 'Free', 10),
  ('00000000-0000-0000-0000-000000000012', '00000000-0000-0000-0000-000000000001', 'pro', 'Pro', 20),
  ('00000000-0000-0000-0000-000000000013', '00000000-0000-0000-0000-000000000001', 'team', 'Team', 30)
ON CONFLICT (product_id, code) DO NOTHING;

INSERT INTO features (id, product_id, code, name)
VALUES
  ('00000000-0000-0000-0000-000000000101', '00000000-0000-0000-0000-000000000001', 'cloud_sync', 'Cloud Sync'),
  ('00000000-0000-0000-0000-000000000102', '00000000-0000-0000-0000-000000000001', 'multi_device', 'Multi-device'),
  ('00000000-0000-0000-0000-000000000103', '00000000-0000-0000-0000-000000000001', 'priority_support', 'Priority Support')
ON CONFLICT (product_id, code) DO NOTHING;

INSERT INTO plan_features (plan_id, feature_id)
VALUES
  ('00000000-0000-0000-0000-000000000012', '00000000-0000-0000-0000-000000000101'),
  ('00000000-0000-0000-0000-000000000012', '00000000-0000-0000-0000-000000000102'),
  ('00000000-0000-0000-0000-000000000013', '00000000-0000-0000-0000-000000000101'),
  ('00000000-0000-0000-0000-000000000013', '00000000-0000-0000-0000-000000000102'),
  ('00000000-0000-0000-0000-000000000013', '00000000-0000-0000-0000-000000000103')
ON CONFLICT DO NOTHING;
